question,answer
Apa arti dari Al-Baqarah?,Al-Baqarah berarti 'sapi betina'. Nama ini diambil dari kisah Bani Israil yang diperintahkan menyembelih sapi betina.
Berapa jumlah ayat dalam Surah Al-Baqarah?,Surah Al-Baqarah memiliki 286 ayat.
Surah Al-Baqarah termasuk surah Makkiyah atau Madaniyah?,Surah Al-Baqarah adalah surah Madaniyah.
Apa ayat terpanjang dalam Al-Qur'an yang terdapat di Surah Al-Baqarah?,"Ayat terpanjang dalam Al-Qur'an adalah ayat 282 Surah Al-Baqarah, dikenal sebagai ayat tentang utang-piutang."
Apa nama lain dari Surah Al-Baqarah?,Surah Al-Baqarah juga dikenal sebagai 'Zahrawain' bersama dengan Surah Ali Imran.
Surah Al-Baqarah dimulai dengan huruf-huruf apa?,Surah Al-Baqarah dimulai dengan huruf-huruf 'Alif Lam Mim'.
Apa kandungan utama dari Surah Al-Baqarah ayat 2?,Ayat 2 dari Surah Al-Baqarah menegaskan bahwa Al-Qur'an adalah petunjuk bagi orang-orang yang bertakwa.
Apa perintah Allah dalam Surah Al-Baqarah ayat 183?,"Dalam Surah Al-Baqarah ayat 183, Allah memerintahkan umat Islam untuk berpuasa."
Ayat kursi terdapat di ayat berapa dalam Surah Al-Baqarah?,Ayat kursi terdapat dalam ayat 255 Surah Al-Baqarah.
Apa keutamaan membaca ayat kursi?,Keutamaan membaca ayat kursi antara lain memberikan perlindungan dari gangguan setan.
Apa peringatan Allah dalam Surah Al-Baqarah ayat 42?,Surah Al-Baqarah ayat 42 memperingatkan agar tidak mencampuradukkan kebenaran dengan kebatilan.
Apa larangan Allah dalam Surah Al-Baqarah ayat 188?,Surah Al-Baqarah ayat 188 melarang mengambil harta orang lain dengan cara batil.
Surah Al-Baqarah ayat 255 dikenal dengan nama apa?,Surah Al-Baqarah ayat 255 dikenal dengan nama 'Ayat Kursi'.
Apa isi dari Surah Al-Baqarah ayat 286?,Surah Al-Baqarah ayat 286 berisi doa agar Allah tidak membebani kita di luar kemampuan kita.
Apa hikmah yang bisa diambil dari Surah Al-Baqarah ayat 2-5?,"Hikmah dari ayat 2-5 adalah pentingnya iman kepada Allah, kitab-kitab-Nya, dan akhirat sebagai ciri orang bertakwa."
Siapa yang disebutkan dalam Surah Al-Baqarah sebagai 'orang yang beriman'?,"Orang yang beriman adalah mereka yang percaya kepada Allah, kitab-kitab-Nya, rasul-rasul-Nya, dan hari akhir."
Apa tanda orang munafik menurut Surah Al-Baqarah ayat 8-10?,Tanda orang munafik dalam ayat 8-10 adalah mereka berpura-pura beriman namun sebenarnya tidak.
Bagaimana Al-Qur'an menggambarkan orang yang tidak mau beriman pada Surah Al-Baqarah ayat 6-7?,Ayat 6-7 menjelaskan bahwa hati orang yang tidak beriman telah tertutup oleh Allah.
Apa hukum qisas dalam Surah Al-Baqarah ayat 178?,"Surah Al-Baqarah ayat 178 menjelaskan hukum qisas, yaitu pembalasan yang setimpal dalam kasus pembunuhan."
Apa hukum puasa dalam Surah Al-Baqarah ayat 183-185?,Ayat 183-185 mengatur tentang kewajiban puasa sebagai salah satu rukun Islam.
Apa yang dimaksud dengan riba menurut Surah Al-Baqarah?,"Riba adalah pengambilan tambahan secara tidak adil, dan dilarang keras dalam Islam."
Apa perintah Allah terkait sedekah dalam Surah Al-Baqarah?,Allah memerintahkan sedekah sebagai bentuk kepedulian sosial dan amal kebaikan.
Apa hubungan antara Surah Al-Baqarah ayat 256 dengan kebebasan beragama?,"Ayat 256 menyatakan 'Tidak ada paksaan dalam agama', sebagai dasar kebebasan beragama dalam Islam."
Bagaimana Allah menjelaskan tentang penciptaan manusia dalam Surah Al-Baqarah?,Allah menjelaskan penciptaan manusia dari tanah dan ruh-Nya sebagai tanda kekuasaan-Nya.
Apa makna ibrah yang terkandung dalam kisah sapi betina di Surah Al-Baqarah?,Kisah sapi betina dalam Al-Baqarah menunjukkan pentingnya ketaatan kepada perintah Allah tanpa ragu.
